STTN_ID,STTN_NM,STTN_NM
293011063,금천2리마을회관,geumcheon2rimaeulhoegwan
293011072,황용교,hwangyonggyo
293011073,황용교,hwangyonggyo
293012036,행산리,haengsanri
293012037,행산리(미건산업입구),haengsanri(migeonsaneobipgu)
293012041,등곡3리(충광농원),deunggok3ri(chunggwangnongwon)
293011043,감성리,gamseongri
293012042,등곡3리(충광농원),deunggok3ri(chunggwangnongwon)
293012046,등곡리,deunggokri
293012048,문곡3리,mungok3ri
293012050,매포역(노호2리),maepoyeok(noho2ri)
293012051,문곡2리,mungok2ri
293012052,문곡2리,mungok2ri
293012053,노호1리,noho1ri
293012054,노호1리,noho1ri
293012055,등곡2리,deunggok2ri
293012056,등곡2리,deunggok2ri
293013002,운당2리,undang2ri
293013007,운당1리,undang1ri
293013008,KCC앞,KCCap
293013012,소정면우체국,sojeongmyeonucheguk
293013013,소정리역,sojeongriyeok
293013015,소정면사무소,sojeongmyeonsamuso
293013016,소정면사무소,sojeongmyeonsamuso
293013017,소정리입구,sojeongriipgu
293013018,소정리,sojeongri
293013020,대곡4리,daegok4ri
293013021,소정육교(맹골),sojeongyukgyo(maenggol)
293013022,소정육교(맹골),sojeongyukgyo(maenggol)
293013023,소정육교,sojeongyukgyo
293013027,고등1리마을회관,godeung1rimaeulhoegwan
293014001,수산리,susanri
293014003,수산리(방아다리),susanri(bangadari)
293014005,눌왕2리,nurwang2ri
293014006,눌왕2리마을회관,nurwang2rimaeulhoegwan
293014008,눌왕2리(푸른농원),nurwang2ri(pureunnongwon)
293014009,눌왕2리(푸른농원),nurwang2ri(pureunnongwon)
293011015,영곡2리,yeonggok2ri
293001082,세종고등학교,sejonggodeunghakgyo
293001067,새주막거리,saejumakgeori
293001079,번암아파트,beonamapateu
293001092,죽림리,jukrimri
293001090,조치원전통시장,jochiwonjeontongsijang
293012045,등곡리,deunggokri
293001066,번암삼거리,beonamsamgeori
293001072,조치원역뒤편,jochiwonyeokdwipyeon
293001075,조치원역뒤편,jochiwonyeokdwipyeon
293001076,죽림리,jukrimri
293001078,번암아파트,beonamapateu
293001080,세종고등학교,sejonggodeunghakgyo
293019011,달전1리,daljeon1ri
186004209,둔곡3교,dungok3gyo
186004148,월드컵경기장역,woldeukeopgyeonggijangyeok
186004227,반석마을입구,banseokmaeuripgu
186004228,반석마을입구,banseokmaeuripgu
186004229,반석역,banseogyeok
186004230,반석역,banseogyeok
186004288,온천교,oncheongyo
186004302,유성자이아파트,yuseongjaiapateu
286055014,금흥교(정보고),geumheunggyo(jeongbogo)
186004811,지족초등학교,jijokchodeunghakgyo
186004147,월드컵경기장역,woldeukeopgyeonggijangyeok
186004307,구즉동주민센터입구,gujeukdongjuminsenteoipgu
186004308,구즉동주민센터입구,gujeukdongjuminsenteoipgu
293014018,연기산업단지,yeongisaneopdanji
293014019,연기산업단지,yeongisaneopdanji
293014022,연기면사무소,yeongimyeonsamuso
293014023,연기면사무소,yeongimyeonsamuso
293014024,한별동,hanbyeoldong
293014025,한별동,hanbyeoldong
293014026,한별동,hanbyeoldong
293014027,한별동,hanbyeoldong
293014028,연기리,yeongiri
293014030,연기리,yeongiri
293056001,도담동(도램마을),dodamdong(doraemmaeul)
293055001,세종고속시외버스터미널(지상),sejonggosoksioebeoseuteomineol(jisang)
293055002,세종고속시외버스터미널(지상),sejonggosoksioebeoseuteomineol(jisang)
293014032,실광주유소,silgwangjuyuso
293014034,세종호수공원,sejonghosugongwon
293014036,방공학교,banggonghakgyo
293014037,보통2리,botong2ri
293014038,보통2리,botong2ri
293054001,다정동(대성고등학교),dajeongdong(daeseonggodeunghakgyo)
293054003,다정동,dajeongdong
293056002,도담동,dodamdong
293056005,성금교차로(도램마을9단지),seonggeumgyocharo(doraemmaeul9danji)
293058002,금남초등학교,geumnamchodeunghakgyo
293058001,금남초등학교,geumnamchodeunghakgyo
293058003,신촌리,sinchonri
293058006,호탄리,hotanri
293060001,장재리,jangjaeri
293060002,장재리,jangjaeri
293060003,한국개발연구원(KDI),hangukgaebaryeonguwon(KDI)
293060004,한국개발연구원(KDI),hangukgaebaryeonguwon(KDI)
293057001,한국조세재정연구원,hangukjosejaejeongyeonguwon
293057005,장재리(길재고개),jangjaeri(giljaegogae)
293056007,"도램마을14,15단지","doraemmaeul14,15danji"
293056008,양지중학교,yangjijunghakgyo
293061002,아름동커뮤니티센터,areumdongkeomyunitisenteo
293061004,범지기마을4단지,beomjigimaeul4danji
186004431,안산1통,ansan1tong
186004432,안산1통,ansan1tong
186004433,안산산성,ansansanseong
186004455,외삼삼거리,oesamsamgeori
186004534,유성고속버스터미널,yuseonggosokbeoseuteomineol
186004543,죽동네거리,jukdongnegeori
186004544,죽동네거리,jukdongnegeori
186004620,노은도서관,noeundoseogwan
186004622,노은역,noeunyeok
186004630,송림마을아파트,songrimmaeurapateu
186004638,지족역,jijogyeok
186004639,지족역,jijogyeok
186004641,지족초등학교,jijokchodeunghakgyo
186004701,KT유성지사,KTyuseongjisa
186004704,외삼1통,oesam1tong
186004706,안산교,ansangyo
186004397,신동,sindong
293057004,장재리(태련암입구),jangjaeri(taeryeonamipgu)
293061006,아름초등학교,areumchodeunghakgyo
293062004,다정동,dajeongdong
293062007,정부세종청사남측,jeongbusejongcheongsanamcheuk
293062009,과기정통부(중기부),gwagijeongtongbu(junggibu)
293062010,과기정통부(중기부),gwagijeongtongbu(junggibu)
293062014,정부세종청사북측,jeongbusejongcheongsabukcheuk
274002060,오송역,osongyeok
274020008,매봉리,maebongri
274020010,현도면행정복지센터.선동리,hyeondomyeonhaengjeongbokjisenteo.seondongri
274020012,"시목리, 현도중학교","simokri, hyeondojunghakgyo"
187001379,신탄진동행정복지센터,sintanjindonghaengjeongbokjisenteo
186004320,협진운수,hyeopjinunsu
270014002,중동사거리,jungdongsageori
186004394,신동2통,sindong2tong
186004393,신동2통,sindong2tong
270014003,중동사거리,jungdongsageori
274002001,중봉리,jungbongri
274002082,상봉2리(가마소),sangbong2ri(gamaso)
274002084,상봉초등학교,sangbongchodeunghakgyo
274002085,상봉초등학교,sangbongchodeunghakgyo
274002086,서평리,seopyeongri
274002087,서평리,seopyeongri
274002088,서평1리,seopyeong1ri
274020006,매봉(매봉리 방면),maebong(maebongri bangmyeon)
274020015,시목리,simokri
274020017,양지리,yangjiri
274020044,시목1리,simok1ri
285013003,병천3리,byeongcheon3ri
274020018,양지2리,yangji2ri
274020003,달계리,dalgyeri
186004392,신동1통,sindong1tong
293016129,연서초등학교,yeonseochodeunghakgyo
293017067,송문리(원송정),songmunri(wonsongjeong)
293013014,소정리역,sojeongriyeok
293013019,대곡1리,daegok1ri
293001081,신동아아파트,sindongaapateu
293001085,세종중학교,sejongjunghakgyo
293001088,조치원전통시장,jochiwonjeontongsijang
293001091,죽림리,jukrimri
293001094,조치원버스터미널,jochiwonbeoseuteomineol
293011001,봉안리(다름고개),bonganri(dareumgogae)
293011002,도남리,donamri
293011003,도남리,donamri
293011006,금강수목원(산림박물관),geumgangsumogwon(sanrimbakmulgwan)
293011007,원봉1리,wonbong1ri
293011008,원봉1리,wonbong1ri
293011010,원봉2리,wonbong2ri
293011018,성덕1리,seongdeok1ri
293011011,원봉2리마을회관,wonbong2rimaeulhoegwan
293001021,신안리마을회관,sinanrimaeulhoegwan
293001032,중앙요양병원,jungangyoyangbyeongwon
293001036,신봉초등학교,sinbongchodeunghakgyo
293001020,세종시민체육관,sejongsimincheyukgwan
293011017,영곡리,yeonggokri
293011020,국곡리32사단,gukgokri32sadan
293011022,국곡리,gukgokri
293001001,봉산리(국제기계),bongsanri(gukjegigye)
293001002,봉산리(국제기계),bongsanri(gukjegigye)
293001003,봉산리(윗말),bongsanri(witmal)
293001004,봉산리(윗말),bongsanri(witmal)
293001005,봉산리(중뜸),bongsanri(jungtteum)
293001008,방축골(갑부농원),bangchukgol(gapbunongwon)
293001009,봉산1리,bongsan1ri
293001010,봉산1리,bongsan1ri
293001011,봉산1리마을회관,bongsan1rimaeulhoegwan
293001012,봉산1리마을회관,bongsan1rimaeulhoegwan
293001013,봉산리,bongsanri
293001015,한마음효요양병원,hanmaeumhyoyoyangbyeongwon
293001016,한마음효요양병원,hanmaeumhyoyoyangbyeongwon
293001017,서창리,seochangri
293001018,서창리,seochangri
293001022,신안리마을회관,sinanrimaeulhoegwan
293001023,세종여자고등학교,sejongyeojagodeunghakgyo
293001024,세종여자고등학교,sejongyeojagodeunghakgyo
293013003,운당2리,undang2ri
293001026,조형아파트,johyeongapateu
293001027,조형아파트,johyeongapateu
293001028,구렁말,gureongmal
293001031,신안2리입구,sinan2riipgu
293001033,중앙요양병원,jungangyoyangbyeongwon
293001037,신흥주공아파트,sinheungjugongapateu
293001043,홍익대학교,hongikdaehakgyo
293001050,신안1리입구,sinan1riipgu
293001055,고려대학교,goryeodaehakgyo
293001052,자이아파트,jaiapateu
293064017,조치원역,jochiwonyeok
293015065,명학2리(황룡사),myeonghak2ri(hwangryongsa)
293015067,명학2리(황룡사),myeonghak2ri(hwangryongsa)
293015066,청정아파트,cheongjeongapateu
293015070,청정아파트,cheongjeongapateu
293015069,명학3리,myeonghak3ri
293015062,명학리,myeonghakri
293015055,명학1리,myeonghak1ri
293015060,응암리(가마골),eungamri(gamagol)
293001046,자이아파트정문,jaiapateujeongmun
293001047,신안1리,sinan1ri
293001048,홍익대학교,hongikdaehakgyo
293001051,세종여자고등학교입구,sejongyeojagodeunghakgyoipgu
293001053,자이아파트,jaiapateu
293011025,용담1리(옹기마을),yongdam1ri(onggimaeul)
293011027,금남면사무소,geumnammyeonsamuso
293011028,금남면사무소,geumnammyeonsamuso
293011031,두만리,dumanri
293011032,두만리,dumanri
293011033,발산리,balsanri
293011034,발산리,balsanri
293016001,청라리,cheongrari
293016002,청라2리,cheongra2ri
293016003,청라2리,cheongra2ri
293016004,쌍류보건진료소,ssangryubogeonjinryoso
293016005,쌍류보건진료소,ssangryubogeonjinryoso
293016010,쌍류리,ssangryuri
293016012,기룡리,giryongri
293016013,와촌3리(은암),wachon3ri(eunam)
293016016,용암삼거리,yongamsamgeori
293016018,고복저수지,gobokjeosuji
293016019,고복저수지,gobokjeosuji
293016020,금박골,geumbakgol
293016021,용암리입구,yongamriipgu
293016022,기룡정미소,giryongjeongmiso
293016024,기룡리정미소,giryongrijeongmiso
293016026,와촌3리,wachon3ri
293016027,신대2리(송적골),sindae2ri(songjeokgol)
293016029,기룡리복지회관,giryongribokjihoegwan
293016031,대륙테크놀로지,daeryuktekeunolloji
293016032,대륙테크놀로지,daeryuktekeunolloji
293016033,평전,pyeongjeon
293016034,평전,pyeongjeon
293016037,영동부화장,yeongdongbuhwajang
293016038,영동부화장,yeongdongbuhwajang
293016039,고복2리,gobok2ri
293016040,고복2리,gobok2ri
293016042,기룡리(효교동),giryongri(hyogyodong)
293016043,와촌보건진료소,wachonbogeonjinryoso
293016044,와촌보건진료소,wachonbogeonjinryoso
293016046,고복리조각공원,gobokrijogakgongwon
293016047,신대2리마을회관,sindae2rimaeulhoegwan
293016048,신대2리마을회관,sindae2rimaeulhoegwan
293016049,고복저수지입구,gobokjeosujiipgu
293016053,고복리,gobokri
293016056,신대1리,sindae1ri
293016057,신대1리마을회관,sindae1rimaeulhoegwan
293016058,신대1리,sindae1ri
293016061,세종기숙학원,sejonggisukhagwon
293017052,용암2리입구,yongam2riipgu
293017054,봉안리(부일가든),bonganri(builgadeun)
293017055,금암삼거리,geumamsamgeori
293017057,산학리,sanhakri
293017058,산학리,sanhakri
293017059,봉안리,bonganri
293017061,동원주식회사,dongwonjusikhoesa
293017062,영평사입구,yeongpyeongsaipgu
293017063,영평사입구,yeongpyeongsaipgu
293018001,베어트리파크,beeoteuripakeu
293018002,베어트리파크,beeoteuripakeu
293018003,흥진레미콘,heungjinremikon
293018004,송성1리입구,songseong1riipgu
293018005,송성1리입구,songseong1riipgu
293018006,흥진레미콘,heungjinremikon
293018007,송성2리입구,songseong2riipgu
293018013,미곡리,migokri
293018014,미곡리,migokri
293018015,개미고개,gaemigogae
293018016,개미고개,gaemigogae
293018019,청람리입구,cheongramriipgu
293018020,송정리,songjeongri
293018022,청람리,cheongramri
293018024,청람1리마을회관,cheongram1rimaeulhoegwan
293018025,송정2리(구리골),songjeong2ri(gurigol)
293018027,송정리(행골),songjeongri(haenggol)
293018030,송정1리(상소골),songjeong1ri(sangsogol)
293018031,아람달동림권역체험관,aramdaldongrimgwonyeokcheheomgwan
293018033,송정1리,songjeong1ri
293018034,송정1리,songjeong1ri
293018036,송정1리(권고조경),songjeong1ri(gwongojogyeong)
293018038,청송산업단지입구,cheongsongsaneopdanjiipgu
293018039,석곡리,seokgokri
293018040,송곡2리(능골),songgok2ri(neunggol)
293018041,석곡리,seokgokri
293018044,보덕2리마을회관,bodeok2rimaeulhoegwan
293018045,청송리,cheongsongri
293018046,석곡리입구,seokgokriipgu
293018048,송곡2리,songgok2ri
293018050,봉대리(평말),bongdaeri(pyeongmal)
293018051,봉대리(평말),bongdaeri(pyeongmal)
293018052,전동 복컴·면사무소·초등학교,jeondong bokkeom·myeonsamuso·chodeunghakgyo
293018053,전동 복컴·면사무소·초등학교,jeondong bokkeom·myeonsamuso·chodeunghakgyo
293018054,봉대리,bongdaeri
293018055,봉대리,bongdaeri
293018056,전동역,jeondongyeok
293018057,송곡1리,songgok1ri
293018058,송곡1리,songgok1ri
293018060,전동삼거리,jeondongsamgeori
293018061,전동삼거리,jeondongsamgeori
293018062,전동삼거리,jeondongsamgeori
293018064,송곡1리(예비군훈련장),songgok1ri(yebigunhunryeonjang)
293018065,송곡보건진료소,songgokbogeonjinryoso
293018067,노장농공단지,nojangnonggongdanji
293018069,조치원낚시터,jochiwonnaksiteo
293018070,조치원낚시터,jochiwonnaksiteo
293018071,심중2리입구,simjung2riipgu
293018074,세종시공원묘원,sejongsigongwonmyowon
293018075,노장3리,nojang3ri
293018076,노장2리,nojang2ri
293018077,노장2리,nojang2ri
293018079,보덕1리,bodeok1ri
293018080,보덕1리,bodeok1ri
293018081,심중1리,simjung1ri
293018084,심중2리입구,simjung2riipgu
293018085,심중2리,simjung2ri
293018086,심중2리,simjung2ri
293019001,KCC앞,KCCap
293019003,유천리(어천),yucheonri(eocheon)
293019004,유천리(어천),yucheonri(eocheon)
293016087,전당골,jeondanggol
293064236,대곡리,daegokri
293064026,종촌종합복지센터,jongchonjonghapbokjisenteo
293064027,"종촌초등학교(가재마을1,2단지)","jongchonchodeunghakgyo(gajaemaeul1,2danji)"
293064028,고운중학교,gounjunghakgyo
293064029,고운중학교,gounjunghakgyo
293064030,"종촌초등학교(가재마을1,2단지)","jongchonchodeunghakgyo(gajaemaeul1,2danji)"
293064106,가락마을14단지,garakmaeul14danji
293064107,가락마을14단지,garakmaeul14danji
293064110,"도램마을8,10단지","doraemmaeul8,10danji"
293064113,"가락마을17,18단지","garakmaeul17,18danji"
293064114,"가락마을17,18단지","garakmaeul17,18danji"
293064115,두루고등학교,durugodeunghakgyo
293064116,두루고등학교,durugodeunghakgyo
293064117,"가락마을10,13단지","garakmaeul10,13danji"
293064119,"가락마을9,11단지","garakmaeul9,11danji"
293064120,"가락마을9,11단지","garakmaeul9,11danji"
293064122,으뜸초등학교,eutteumchodeunghakgyo
293064123,고운동커뮤니티센터남측,goundongkeomyunitisenteonamcheuk
293064124,고운동커뮤니티센터남측,goundongkeomyunitisenteonamcheuk
293064125,가재마을7단지,gajaemaeul7danji
293064197,신동,sindong
293064243,"법원.검찰청,경찰청","beobwon.geomchalcheong,gyeongchalcheong"
293064204,"고운뜰공원,대법원등기정보센터","gountteulgongwon,daebeobwondeunggijeongbosenteo"
293064205,"가락마을7,8단지","garakmaeul7,8danji"
293064245,국책연구단지남측,gukchaegyeongudanjinamcheuk
293064246,국책연구단지남측,gukchaegyeongudanjinamcheuk
293064213,글벗중학교(새샘마을9단지),geulbeotjunghakgyo(saesaemmaeul9danji)
293064206,보람동.대평동,boramdong.daepyeongdong
293064208,보람동(호려울마을),boramdong(horyeoulmaeul)
293064211,"시청,시의회,교육청,세무서","sicheong,siuihoe,gyoyukcheong,semuseo"
293064167,"호려울마을8,9단지","horyeoulmaeul8,9danji"
293064168,"새샘마을1,2단지","saesaemmaeul1,2danji"
293064169,"새샘마을1,2단지","saesaemmaeul1,2danji"
293064217,소담동(새샘마을),sodamdong(saesaemmaeul)
293064214,소담동 새샘마을,sodamdong saesaemmaeul
293064216,소담동 새샘마을,sodamdong saesaemmaeul
293064212,글벗중학교(새샘마을9단지),geulbeotjunghakgyo(saesaemmaeul9danji)
293064170,방공학교,banggonghakgyo
293064088,부용농공단지,buyongnonggongdanji
293064087,부용농공단지,buyongnonggongdanji
293064085,성덕교차로,seongdeokgyocharo
293064086,성덕교차로,seongdeokgyocharo
293064165,"세종우체국(남부서,보람초)","sejongucheguk(nambuseo,boramcho)"
186004074,대광로제비앙아파트,daegwangrojebiangapateu
186004052,롯데마트대덕점,rotdemateudaedeokjeom
293064172,노송1리,nosong1ri
293064173,장군면복지회관,janggunmyeonbokjihoegwan
293064174,장군면복지회관,janggunmyeonbokjihoegwan
293064176,평기리,pyeonggiri
293064181,도남삼거리,donamsamgeori
293064182,도남삼거리,donamsamgeori
186004611,용산고등학교,yongsangodeunghakgyo
186004313,송강마을아파트,songgangmaeurapateu
186004322,휴먼시아아파트,hyumeonsiaapateu
293018017,청람리(동막골),cheongramri(dongmakgol)
293018021,청람리,cheongramri
293018026,송정2리(구리골),songjeong2ri(gurigol)
293018032,아람달동림권역체험관,aramdaldongrimgwonyeokcheheomgwan
293018037,청송산업단지입구,cheongsongsaneopdanjiipgu
293018043,청송리,cheongsongri
293018078,노장3리,nojang3ri
293018083,심중2리입구,simjung2riipgu
293019006,유천리,yucheonri
293019049,덕고개,deokgogae
293019054,한국콜마,hangukkolma
293019058,전의중학교,jeonuijunghakgyo
293016086,국촌2리마을회관,gukchon2rimaeulhoegwan
293016097,국촌1리,gukchon1ri
293016102,대원아파트,daewonapateu
293016110,대원아파트후문,daewonapateuhumun
293016114,농업기술센터,nongeopgisulsenteo
293016119,봉암2리마을회관,bongam2rimaeulhoegwan
293017016,평기리(아랫말),pyeonggiri(araetmal)
293017022,용현리,yonghyeonri
293017026,평촌입구,pyeongchonipgu
293017031,용암1리마을회관,yongam1rimaeulhoegwan
293017036,영상마을아파트,yeongsangmaeurapateu
293017042,금암리(솔정자),geumamri(soljeongja)
186004129,금고1통,geumgo1tong
293060005,장재1리,jangjae1ri
293011057,남곡리마을회관,namgokrimaeulhoegwan
293011062,황용2리,hwangyong2ri
293011071,황용리,hwangyongri
293011066,새나루마을1단지,saenarumaeul1danji
293012005,금호2리공단입구,geumho2rigongdanipgu
293012029,금호리,geumhori
293012025,부강9리,bugang9ri
293015063,명학리,myeonghakri
293019069,성호아파트,seonghoapateu
293062008,정부세종청사남측,jeongbusejongcheongsanamcheuk
293062013,정부세종청사북측,jeongbusejongcheongsabukcheuk
293001049,신안1리입구,sinan1riipgu
293011080,황용리삼성복지회관,hwangyongrisamseongbokjihoegwan
293011104,박산리,baksanri
293011108,박산고개,baksangogae
293012015,저산2리,jeosan2ri
293015040,노송1리(노리미),nosong1ri(norimi)
293015044,응암농공단지,eungamnonggongdanji
186004434,안산산성,ansansanseong
186004533,유성고속버스터미널,yuseonggosokbeoseuteomineol
186004621,노은도서관,noeundoseogwan
186004640,노은역,noeunyeok
186004319,협진운수,hyeopjinunsu
186004131,금고2통,geumgo2tong
293062024,"양지중학교(한뜰마을1,2단지)","yangjijunghakgyo(hantteulmaeul1,2danji)"
293064003,첫마을4단지,cheotmaeul4danji
293015068,명학3리,myeonghak3ri
293064007,한솔중학교(첫마을7단지),hansoljunghakgyo(cheotmaeul7danji)
293064005,첫마을6단지,cheotmaeul6danji
293064002,첫마을5단지,cheotmaeul5danji
293064010,첫마을3단지,cheotmaeul3danji
293064004,첫마을4단지,cheotmaeul4danji
293016025,효방동,hyobangdong
293016041,기룡리(효교동),giryongri(hyogyodong)
293016045,고복리조각공원,gobokrijogakgongwon
293062015,성금교차로(세종포스트빌딩),seonggeumgyocharo(sejongposeuteubilding)
293062017,문화체육관광부,munhwacheyukgwangwangbu
293062019,정부세종청사 중앙동,jeongbusejongcheongsa jungangdong
293062020,정부세종청사 중앙동,jeongbusejongcheongsa jungangdong
293062021,공정거래위원회,gongjeonggeoraewiwonhoe
293062025,국무조정실(한뜰마을3단지),gukmujojeongsil(hantteulmaeul3danji)
293063001,가재마을5단지.가온마을6단지,gajaemaeul5danji.gaonmaeul6danji
293064009,첫마을1단지,cheotmaeul1danji
186004119,충남대학교,chungnamdaehakgyo
186004063,서한이다음2단지,seohanidaeum2danji
186004065,구룡2통,guryong2tong
186004066,구룡2통,guryong2tong
186004062,구룡,guryong
186004133,금고동,geumgodong
186004136,대동금탄동입구,daedonggeumtandongipgu
186004128,금고1통,geumgo1tong
186004135,금고동매립장,geumgodongmaeripjang
293051006,가람동(이마트앞),garamdong(imateuap)
293019084,동교리,donggyori
293019089,하노곡,hanogok
293053004,새롬동.나성동,saeromdong.naseongdong
293018018,청람리입구,cheongramriipgu
186004610,용산고등학교,yongsangodeunghakgyo
293064021,대평리원형교차로,daepyeongriwonhyeonggyocharo
186004266,대덕고등학교,daedeokgodeunghakgyo
293064227,리봄화장품,ribomhwajangpum
293064228,리봄화장품,ribomhwajangpum
293064230,명학산업단지입구,myeonghaksaneopdanjiipgu
293019007,금사리,geumsari
293019009,달전1리,daljeon1ri
293019019,세종미래산업단지,sejongmiraesaneopdanji
293019020,양곡리,yanggokri
293019021,양곡리,yanggokri
293019022,유천2리,yucheon2ri
293019023,유천2리,yucheon2ri
293019024,달전리(태호농장),daljeonri(taehonongjang)
293019025,달전리(태호농장),daljeonri(taehonongjang)
293019026,민석아파트입구,minseogapateuipgu
293019027,민석아파트입구,minseogapateuipgu
293019028,신방1리(신암골),sinbang1ri(sinamgol)
293019030,비암사입구,biamsaipgu
293019031,비암사입구,biamsaipgu
293019032,대전카톨릭대입구,daejeonkatollikdaeipgu
293019034,서정2리마을회관,seojeong2rimaeulhoegwan
293019035,서정2리마을회관,seojeong2rimaeulhoegwan
293019036,영당리(영성들),yeongdangri(yeongseongdeul)
293019039,영당리(영성들),yeongdangri(yeongseongdeul)
293019040,다방1리마을회관,dabang1rimaeulhoegwan
293019041,서정2리,seojeong2ri
293019042,서정2리,seojeong2ri
293019043,부거실(아랫마을),bugeosil(araetmaeul)
293019045,신흥리,sinheungri
293019046,신흥리,sinheungri
293019047,덕고개,deokgogae
293019048,서정1리마을회관,seojeong1rimaeulhoegwan
293019051,전의산연수원,jeonuisanyeonsuwon
293019052,전의산연수원,jeonuisanyeonsuwon
293019053,한국콜마,hangukkolma
293019056,원성2리,wonseong2ri
293019057,원성2리,wonseong2ri
293019060,부거실(윗마을),bugeosil(witmaeul)
293019064,원성리(죽근마을),wonseongri(jukgeunmaeul)
293019065,전의역,jeonuiyeok
293019066,전의역,jeonuiyeok
293019070,성호아파트,seonghoapateu
293019071,갈정교,galjeonggyo
293019072,갈정교,galjeonggyo
293019073,대추리,daechuri
293016062,은용리,eunyongri
293016063,번암터,beonamteo
293016065,연서감리교회,yeonseogamrigyohoe
293016066,연서감리교회,yeonseogamrigyohoe
293016067,연서중학교,yeonseojunghakgyo
293016068,연서중학교,yeonseojunghakgyo
293016070,고복1리마을회관,gobok1rimaeulhoegwan
293016071,국촌2리,gukchon2ri
293016072,국촌2리,gukchon2ri
293016073,와촌1리(대실),wachon1ri(daesil)
293016074,와촌1리(대실),wachon1ri(daesil)
293016075,서면,seomyeon
293016076,서면,seomyeon
293011094,달전리,daljeonri
293011106,부용2리,buyong2ri
293011107,박산고개,baksangogae
293012007,산수리입구,sansuriipgu
293012011,부강역,bugangyeok
293012009,부강리,bugangri
293012008,부강리,bugangri
293019062,관정1리,gwanjeong1ri
293016079,성제2리,seongje2ri
293016081,서세종농협,seosejongnonghyeop
293016082,서세종농협,seosejongnonghyeop
293016083,성제삼거리,seongjesamgeori
293016084,성제삼거리,seongjesamgeori
293016085,국촌2리마을회관,gukchon2rimaeulhoegwan
293011081,영대1리마을회관,yeongdae1rimaeulhoegwan
293011082,황용사,hwangyongsa
293011084,초정약수터,chojeongyaksuteo
293011085,영대리,yeongdaeri
293011086,영대리,yeongdaeri
293011089,달전리(한울농장),daljeonri(hanulnongjang)
293011090,대박리(광덕사),daebakri(gwangdeoksa)
293011092,대박리(광덕사),daebakri(gwangdeoksa)
293011093,부용1리,buyong1ri
293011095,달전리,daljeonri
293011098,대박리,daebakri
293011099,대박리,daebakri
293011100,망골,manggol
293011102,박산리(작약골),baksanri(jagyakgol)
293011103,박산리,baksanri
293011105,부용2리,buyong2ri
293012002,금호2리노인회관,geumho2rinoinhoegwan
293012004,갈산2리,galsan2ri
293012006,금호2리공단입구,geumho2rigongdanipgu
293012028,부강9리,bugang9ri
293012021,부강초등학교,bugangchodeunghakgyo
293012023,부강3리,bugang3ri
293012014,부강역,bugangyeok
293011088,달전리(한울농장),daljeonri(hanulnongjang)
293012022,갈산리,galsanri
293012027,한화사원아파트,hanhwasawonapateu
293015018,예양1리,yeyang1ri
293015019,예양1리,yeyang1ri
293015020,양세오충각,yangseochunggak
293015022,송용리,songyongri
293015023,예양리,yeyangri
293015031,내판2리,naepan2ri
293015026,송용리,songyongri
293015028,내판역,naepanyeok
293015030,내판역,naepanyeok
293015032,내판2리,naepan2ri
293015033,노송2리,nosong2ri
293015035,연동중학교,yeondongjunghakgyo
293015036,연동중학교,yeondongjunghakgyo
293015037,노송1리(노리미),nosong1ri(norimi)
293015038,교과서박물관,gyogwaseobakmulgwan
293015039,교과서박물관,gyogwaseobakmulgwan
293015043,응암농공단지,eungamnonggongdanji
293016088,성제1리마을회관,seongje1rimaeulhoegwan
293016089,성제1리마을회관,seongje1rimaeulhoegwan
293016090,쌍전리(우리요양원),ssangjeonri(uriyoyangwon)
293016092,부동리마을회관,budongrimaeulhoegwan
293016093,부동리마을회관,budongrimaeulhoegwan
293016094,연서면사무소,yeonseomyeonsamuso
293016098,월하1리마을회관,wolha1rimaeulhoegwan
293016099,월하1리마을회관,wolha1rimaeulhoegwan
293016100,방축골,bangchukgol
293016101,대원아파트,daewonapateu
293016103,국촌1리(함박산),gukchon1ri(hambaksan)
293016104,국촌1리(함박산),gukchon1ri(hambaksan)
293016105,쌍전리마을회관,ssangjeonrimaeulhoegwan
293016111,세종장례식장,sejongjangryesikjang
293016112,봉암리,bongamri
293016113,봉암리,bongamri
293016115,월하2리,wolha2ri
293016116,세종교통,sejonggyotong
293016117,세종교통,sejonggyotong
293016118,도원초등학교,dowonchodeunghakgyo
293016120,세종장례식장입구,sejongjangryesikjangipgu
293016121,세종장례식장입구,sejongjangryesikjangipgu
293016122,세종장례식장입구,sejongjangryesikjangipgu
293016123,세종장례식장입구,sejongjangryesikjangipgu
293016124,월하리(항공학교),wolhari(hanggonghakgyo)
293016125,월하리(항공학교),wolhari(hanggonghakgyo)
293016127,월하리,wolhari
293017005,송학2리(하나로마트),songhak2ri(hanaromateu)
293017007,은용리,eunyongri
293017010,송문리입구,songmunriipgu
293017012,하봉교차로,habonggyocharo
293017013,송문리입구,songmunriipgu
293017014,평기리마을회관,pyeonggirimaeulhoegwan
293017018,장기중학교,janggijunghakgyo
293017020,장기중학교,janggijunghakgyo
293017021,용현리,yonghyeonri
293017023,장군면사무소,janggunmyeonsamuso
293017024,장군면사무소,janggunmyeonsamuso
293017025,평촌입구,pyeongchonipgu
293017028,대교1리(밤실입구),daegyo1ri(bamsiripgu)
293017029,장기초등학교,janggichodeunghakgyo
293017032,금암리노인정,geumamrinoinjeong
293017033,용암1리마을회관,yongam1rimaeulhoegwan
293017034,금암리(웅대원룸),geumamri(ungdaewonrum)
293017035,영상마을아파트,yeongsangmaeurapateu
293017037,금암리(정보마을영조아파트),geumamri(jeongbomaeuryeongjoapateu)
293017038,금암리(정보마을영조아파트),geumamri(jeongbomaeuryeongjoapateu)
293017039,대교리,daegyori
293017040,금암리(그린원룸),geumamri(geurinwonrum)
293017041,금암리(어반스테이),geumamri(eobanseutei)
293017045,한국영상대학교,hangugyeongsangdaehakgyo
293017049,봉안리(부일가든),bonganri(builgadeun)
293017050,용암2리입구,yongam2riipgu
293017051,은용1리,eunyong1ri
293014010,수왕초등학교,suwangchodeunghakgyo
293014011,수왕초등학교,suwangchodeunghakgyo
293014012,눌왕1리(도덕농장),nurwang1ri(dodeoknongjang)
293014013,눌왕1리(도덕농장),nurwang1ri(dodeoknongjang)
293014014,해밀동,haemildong
293011036,용담리,yongdamri
293011068,새나루마을8단지,saenarumaeul8danji
293011069,새나루마을9단지,saenarumaeul9danji
293011070,새나루마을9단지,saenarumaeul9danji
293011061,황용2리,hwangyong2ri
293011067,새나루마을8단지,saenarumaeul8danji
293011076,산학연클러스터,sanhagyeonkeulleoseuteo
293011077,집현동,jiphyeondong
293012038,부강면생활체육관,bugangmyeonsaenghwalcheyukgwan
293011079,집현동,jiphyeondong
293012039,문곡1리,mungok1ri
293012040,문곡1리,mungok1ri
293017017,평기리(아랫말),pyeonggiri(araetmal)
293011038,도암리입구,doamriipgu
293011039,감성초등학교,gamseongchodeunghakgyo
293011040,두만리(산동마을),dumanri(sandongmaeul)
293011041,감성초등학교,gamseongchodeunghakgyo
293011047,송림사입구,songrimsaipgu
293011048,축산리마을회관,chuksanrimaeulhoegwan
293011049,축산리마을회관,chuksanrimaeulhoegwan
293011050,축산리,chuksanri
293011051,축산리,chuksanri
293011055,금천1리,geumcheon1ri
293011059,금천1리마을회관,geumcheon1rimaeulhoegwan
293011060,금천1리마을회관,geumcheon1rimaeulhoegwan
286053001,산성동/시내버스정류장,sanseongdong/sinaebeoseujeongryujang
285016025,해정2리,haejeong2ri
293064013,은하수공원,eunhasugongwon
293011109,황용리(황용1교),hwangyongri(hwangyong1gyo)
293056035,"가재마을7,12단지","gajaemaeul7,12danji"
293056011,"도램마을16,19단지","doraemmaeul16,19danji"
293019095,사관정,sagwanjeong
293017070,용현리(효도마을),yonghyeonri(hyodomaeul)
293017068,송문리(원송정),songmunri(wonsongjeong)
293017066,송문리,songmunri
293017065,송문리,songmunri
293014058,누리동,nuridong
293012057,산수리,sansuri
293001097,죽림리,jukrimri
286066004,시목동(터미널 방면),simokdong(teomineol bangmyeon)
286066006,신관사거리,singwansageori
286066010,종합버스터미널(신관초방면),jonghapbeoseuteomineol(singwanchobangmyeon)
286070001,옥룡동 회전교차로(터미널),okryongdong hoejeongyocharo(teomineol)
286070002,옥룡동 교차로(산성시장 방면),okryongdong gyocharo(sanseongsijang bangmyeon)
286070003,옥룡동 주민센터(시목동방면),okryongdong juminsenteo(simokdongbangmyeon)
286070005,옥룡동 회전교차로(산성시장),okryongdong hoejeongyocharo(sanseongsijang)
187001378,신탄진동행정복지센터,sintanjindonghaengjeongbokjisenteo
293053011,한솔동,hansoldong
293019087,달계리,dalgyeri
293019077,재동아파트,jaedongapateu
293019078,사관정,sagwanjeong
293019081,중대부,jungdaebu
293019082,중대부,jungdaebu
293019085,동교리,donggyori
293019086,신정2리,sinjeong2ri
293019088,종성골,jongseonggol
293019090,하노곡,hanogok
293019091,노곡리종점,nogokrijongjeom
293051003,열병합발전소,yeolbyeonghapbaljeonso
293051004,열병합발전소,yeolbyeonghapbaljeonso
293052001,은하수공원,eunhasugongwon
293052002,은하수공원,eunhasugongwon
293053003,"새롬동,나성동(청소년센터)","saeromdong,naseongdong(cheongsonyeonsenteo)"
293053005,"새롬동,나성동(청소년센터)","saeromdong,naseongdong(cheongsonyeonsenteo)"
293053006,새롬동.나성동,saeromdong.naseongdong
293053007,첫마을1단지,cheotmaeul1danji
293001068,새주막거리,saejumakgeori
293062006,정부세종청사남측,jeongbusejongcheongsanamcheuk
186004207,둔곡동,dungokdong
293064006,첫마을6단지,cheotmaeul6danji
274002040,중봉리,jungbongri
274002089,동평3리,dongpyeong3ri
274020007,매봉(양지리 방면),maebong(yangjiri bangmyeon)
274020014,시목1리,simok1ri
274020045,시목리,simokri
293017027,대교1리(밤실입구),daegyo1ri(bamsiripgu)
293017047,용암2리마을회관,yongam2rimaeulhoegwan
293011046,송림사입구,songrimsaipgu
293011078,황용리삼성복지회관,hwangyongrisamseongbokjihoegwan
293012047,문곡3리,mungok3ri
293013011,소정면우체국,sojeongmyeonucheguk
293014004,눌왕2리,nurwang2ri
293011005,금강수목원(산림박물관),geumgangsumogwon(sanrimbakmulgwan)
293001014,봉산리,bongsanri
293001030,신안2리입구,sinan2riipgu
293011026,용담1리(옹기마을),yongdam1ri(onggimaeul)
293016014,와촌3리(은암),wachon3ri(eunam)
293016036,조치원노인전문병원,jochiwonnoinjeonmunbyeongwon
293016052,와촌리(기와말),wachonri(giwamal)
293016055,신대1리마을회관,sindae1rimaeulhoegwan
293017056,금암삼거리,geumamsamgeori
293018008,송성2리입구,songseong2riipgu
293018029,송정1리(상소골),songjeong1ri(sangsogol)
293018035,송정1리(권고조경),songjeong1ri(gwongojogyeong)
293018049,송곡2리,songgok2ri
293018063,송곡1리(예비군훈련장),songgok1ri(yebigunhunryeonjang)
293018073,세종시공원묘원,sejongsigongwonmyowon
293064108,도램마을20단지,doraemmaeul20danji
293064121,으뜸초등학교,eutteumchodeunghakgyo
293064203,"고운뜰공원,대법원등기정보센터","gountteulgongwon,daebeobwondeunggijeongbosenteo"
293064233,"가락마을20,21단지","garakmaeul20,21danji"
293064234,"가락마을20,21단지","garakmaeul20,21danji"
293064171,예양2리,yeyang2ri
293064175,평기리,pyeonggiri
293016054,고복리,gobokri
293018012,송성3리(솔티),songseong3ri(solti)
293019074,신방2리마을회관,sinbang2rimaeulhoegwan
293016091,쌍전리(우리요양원),ssangjeonri(uriyoyangwon)
293012010,저산리,jeosanri
293062018,문화체육관광부,munhwacheyukgwangwangbu
293014016,해밀동,haemildong
293014033,실광주유소,silgwangjuyuso
293056003,도담동,dodamdong
293062002,어진중학교(가재마을9단지),eojinjunghakgyo(gajaemaeul9danji)
293062012,정부세종청사북측,jeongbusejongcheongsabukcheuk
293013009,소정리입구,sojeongriipgu
293011009,원봉1리마을회관,wonbong1rimaeulhoegwan
293012058,행산리입구,haengsanriipgu
293053001,다정동(대성고등학교),dajeongdong(daeseonggodeunghakgyo)
293064075,달전리,daljeonri
293064141,고운동커뮤니티센터북측,goundongkeomyunitisenteobukcheuk
293064148,범지기마을1단지,beomjigimaeul1danji
293064102,범지기마을10단지북측,beomjigimaeul10danjibukcheuk
293019075,신방2리마을회관,sinbang2rimaeulhoegwan
293019050,서정1리마을회관,seojeong1rimaeulhoegwan
293064393,보건복지부 고용노동부,bogeonbokjibu goyongnodongbu
293064100,"범지기3,9단지(청소년센터)","beomjigi3,9danji(cheongsonyeonsenteo)"
293064354,가락마을6단지,garakmaeul6danji
293064035,효성세종병원,hyoseongsejongbyeongwon
293064251,대평동,daepyeongdong
293064493,다솜동,dasomdong
293064446,세종충남대학교병원,sejongchungnamdaehakgyobyeongwon
293014017,해밀동,haemildong
293064064,국립세종도서관,gukripsejongdoseogwan
293064096,"두루초,중학교","durucho,junghakgyo"
293064154,가톨릭꽃동네대학교,gatollikkotdongnedaehakgyo
293064033,신흥사거리,sinheungsageori
293064186,신대1리마을회관,sindae1rimaeulhoegwan
293064187,쌍전리(창현),ssangjeonri(changhyeon)
293064200,생천경로당,saengcheongyeongrodang
293064058,도램마을1단지,doraemmaeul1danji
293064070,가락마을8단지,garakmaeul8danji
293010007,봉안리,bonganri
293064281,송용1리마을회관,songyong1rimaeulhoegwan
293064314,새롬고등학교(새뜸마을7단지),saeromgodeunghakgyo(saetteummaeul7danji)
293064334,용암2리입구,yongam2riipgu
293064371,새뜸마을10단지,saetteummaeul10danji
293064341,(주)레이크엘이디앞,(ju)reikeueridiap
293064326,청라리,cheongrari
293064352,가락마을6단지,garakmaeul6danji
293064415,연동면 복합커뮤니티센터,yeondongmyeon bokhapkeomyunitisenteo
293900010,세종소방서,sejongsobangseo
293064475,가락마을8단지.가재마을4단지,garakmaeul8danji.gajaemaeul4danji
293064455,국립세종수목원,gukripsejongsumogwon
186004384,한진오피스텔,hanjinopiseutel
186004073,대광로제비앙아파트,daegwangrojebiangapateu
186004300,유성온천역6번출구,yuseongoncheonyeok6beonchulgu
186004454,외삼1통,oesam1tong
186004702,KT유성지사,KTyuseongjisa
285013001,모드니에아파트,modeunieapateu
285016004,백자3리,baekja3ri
285016016,수신면사무소,susinmyeonsamuso
286055004,공주정보고(장군면 방면),gongjujeongbogo(janggunmyeon bangmyeon)
274002083,상봉2리(가마소),sangbong2ri(gamaso)
285016023,장산4리(상리),jangsan4ri(sangri)
186004272,봉명동우체국,bongmyeongdongucheguk
286066012,주공1차아파트(터미널방면),jugong1chaapateu(teomineolbangmyeon)
186004287,온천교,oncheongyo
274000055,서평교,seopyeonggyo
286071105,흥화하브아파트,heunghwahabeuapateu
286053002,"산성시장(옥룡동,공주고방면)","sanseongsijang(okryongdong,gongjugobangmyeon)"
286071108,신관동행정복지센터(신관초방면),singwandonghaengjeongbokjisenteo(singwanchobangmyeon)
286065008,송선2통(장군면 방면),songseon2tong(janggunmyeon bangmyeon)
293064375,"가온마을2,3단지","gaonmaeul2,3danji"
186004061,구룡,guryong
186004407,구즉초등학교,gujeukchodeunghakgyo
186004391,신동1통,sindong1tong
293015025,예양리,yeyangri
293018009,송성1리,songseong1ri
293064407,동산산업,dongsansaneop
186004053,롯데마트대덕점,rotdemateudaedeokjeom
185003229,둔산경찰서,dunsangyeongchalseo
185003236,둔산2동주민센터,dunsan2dongjuminsenteo
185003249,시청환승지,sicheonghwanseungji
286066009,종합버스터미널(옥룡동방면),jonghapbeoseuteomineol(okryongdongbangmyeon)
186004453,국방과학연구소입구,gukbanggwahagyeongusoipgu
186004301,유성온천역7번출구,yuseongoncheonyeok7beonchulgu
285016027,해정리,haejeongri
286055003,공주교도소,gongjugyodoso
286055009,신관초사거리(신관주공방면),singwanchosageori(singwanjugongbangmyeon)
286056001,동현리(장군면 방면),donghyeonri(janggunmyeon bangmyeon)
186004210,둔곡3교,dungok3gyo
186004208,둔곡동,dungokdong
186004132,금고동,geumgodong
293056010,"도램마을16,19단지","doraemmaeul16,19danji"
293064019,조치원전통시장북측,jochiwonjeontongsijangbukcheuk
293011030,용포리,yongpori
293064078,국책연구단지북측,gukchaegyeongudanjibukcheuk
293019094,대추리,daechuri
293017071,용현리(효도마을),yonghyeonri(hyodomaeul)
293017064,봉안리,bonganri
286065004,송선1통(장군면 방면),songseon1tong(janggunmyeon bangmyeon)
186004064,서한이다음2단지,seohanidaeum2danji
286066005,신관사거리,singwansageori
286065012,장기산업단지(장군면방면),janggisaneopdanji(janggunmyeonbangmyeon)
186004373,송강마을아파트,songgangmaeurapateu
293064076,달전리,daljeonri
293064139,"가재마을5,8단지","gajaemaeul5,8danji"
293064142,대법원등기정보센터,daebeobwondeunggijeongbosenteo
293064143,다정동(장기로),dajeongdong(janggiro)
293064238,"새뜸마을7,10단지","saetteummaeul7,10danji"
293064240,새롬동커뮤니티센터,saeromdongkeomyunitisenteo
293064242,"새뜸마을5,8단지","saetteummaeul5,8danji"
293064241,"새뜸마을5,8단지","saetteummaeul5,8danji"
293064149,범지기마을1단지,beomjigimaeul1danji
293064151,가재마을11단지,gajaemaeul11danji
293064237,"가온마을4,7단지","gaonmaeul4,7danji"
293064239,새롬동커뮤니티센터,saeromdongkeomyunitisenteo
293055058,세종고속시외버스터미널,sejonggosoksioebeoseuteomineol
293016015,용암삼거리,yongamsamgeori
293015056,명학1리,myeonghak1ri
293013006,운당1리,undang1ri
293019008,금사리,geumsari
293055069,도램마을20단지,doraemmaeul20danji
293001070,욱일아파트,ugirapateu
293017053,은용1리,eunyong1ri
293019083,신정1리,sinjeong1ri
293017046,금암리(사기정골),geumamri(sagijeonggol)
293001007,방축골(갑부농원),bangchukgol(gapbunongwon)
293018066,송곡보건진료소,songgokbogeonjinryoso
293016011,쌍류리,ssangryuri
293016080,성제2리,seongje2ri
285016013,송내리,songnaeri
186004299,유성온천역5번출구,yuseongoncheonyeok5beonchulgu
293012019,아시아제지기숙사,asiajejigisuksa
293064055,아름초등학교,areumchodeunghakgyo
293064056,범지기마을10단지,beomjigimaeul10danji
293012012,금호3리,geumho3ri
293017043,대교리,daegyori
293001040,신봉초등학교,sinbongchodeunghakgyo
293018047,석곡리입구,seokgokriipgu
293013025,고등2리,godeung2ri
293016023,용암리입구,yongamriipgu
293064023,정부세종청사스포츠센터,jeongbusejongcheongsaseupocheusenteo
293064140,고운동커뮤니티센터북측,goundongkeomyunitisenteobukcheuk
293064098,가락마을22단지,garakmaeul22danji
293064090,고운고등학교,goungodeunghakgyo
293064091,가락초등학교,garakchodeunghakgyo
293064092,가락초등학교,garakchodeunghakgyo
293064093,두루중학교,durujunghakgyo
293064094,두루중학교,durujunghakgyo
293064099,"범지기3,9단지(청소년센터)","beomjigi3,9danji(cheongsonyeonsenteo)"
293064101,범지기마을10단지북측,beomjigimaeul10danjibukcheuk
293064089,고운고등학교,goungodeunghakgyo
293064153,복지회관,bokjihoegwan
186004042,테크노밸리6단지,tekeunobaelli6danji
186004263,대덕고등학교,daedeokgodeunghakgyo
293064401,반곡동(수루배마을),bangokdong(surubaemaeul)
293064394,보건복지부 고용노동부,bogeonbokjibu goyongnodongbu
293064316,금박골,geumbakgol
293064333,쌍전리,ssangjeonri
293064395,고등2리,godeung2ri
293064404,깊은내길,gipeunnaegil
187000270,신탄진역,sintanjinyeok
293064406,운당교차로,undanggyocharo
293064408,깊은내길,gipeunnaegil
293064034,신흥사거리,sinheungsageori
293064036,용암리,yongamri
293064037,용암리,yongamri
293064038,쌍류리입구,ssangryuriipgu
293064039,쌍류리입구,ssangryuriipgu
293064040,봉암3리,bongam3ri
293064041,봉암3리,bongam3ri
293064043,눌왕리(새터말),nurwangri(saeteomal)
293064183,방축골,bangchukgol
293064184,신대2리(의넘어),sindae2ri(uineomeo)
293064185,신대2리(의넘어),sindae2ri(uineomeo)
293064188,삼일아파트,samirapateu
293064189,성제삼거리,seongjesamgeori
293064191,상교동입구,sanggyodongipgu
293064192,상교동입구,sanggyodongipgu
293064193,세종장례식장,sejongjangryesikjang
293064405,동산산업,dongsansaneop
293053008,한솔동(첫마을),hansoldong(cheotmaeul)
293053010,한솔동(첫마을),hansoldong(cheotmaeul)
293064196,보통1리마을회관,botong1rimaeulhoegwan
293064199,행산1리,haengsan1ri
293064059,범지기마을4단지,beomjigimaeul4danji
293064060,가락마을8단지,garakmaeul8danji
293064062,문화체육관광부,munhwacheyukgwangwangbu
293064063,국립세종도서관정문,gukripsejongdoseogwanjeongmun
293064065,문화체육관광부(남측),munhwacheyukgwangwangbu(namcheuk)
293064044,쌍전리,ssangjeonri
293064068,가재마을7단지,gajaemaeul7danji
293064071,가재마을12단지,gajaemaeul12danji
293064072,도램마을1단지,doraemmaeul1danji
293064073,"도램마을14,15단지","doraemmaeul14,15danji"
293064249,봉암리,bongamri
286070006,산성동종점,sanseongdongjongjeom
293064260,조치원버스터미널,jochiwonbeoseuteomineol
293064254,"법원.검찰청,경찰청","beobwon.geomchalcheong,gyeongchalcheong"
293064258,반곡동(수루배마을),bangokdong(surubaemaeul)
293064257,반곡동(수루배마을),bangokdong(surubaemaeul)
293064275,황용리,hwangyongri
293064255,국책연구단지,gukchaegyeongudanji
293010008,봉안리,bonganri
293010011,금암리(웅대원룸),geumamri(ungdaewonrum)
293010012,금암리(어반스테이),geumamri(eobanseutei)
293010013,금암리(그린원룸),geumamri(geurinwonrum)
293010014,금암리(솔정자),geumamri(soljeongja)
293064267,감성리,gamseongri
293064271,박산리(작약골),baksanri(jagyakgol)
293064261,국책연구단지,gukchaegyeongudanji
293010015,금암리(사기정골),geumamri(sagijeonggol)
293064268,과학기술정보통신부,gwahakgisuljeongbotongsinbu
293064269,과학기술정보통신부,gwahakgisuljeongbotongsinbu
293064270,장기초등학교,janggichodeunghakgyo
293064282,송용1리마을회관,songyong1rimaeulhoegwan
285016028,장산4리,jangsan4ri
285016029,속샘말삼거리,soksaemmalsamgeori
293064253,"법원.검찰청,경찰청","beobwon.geomchalcheong,gyeongchalcheong"
293064298,부강산업단지입구,bugangsaneopdanjiipgu
293064301,부강산업단지,bugangsaneopdanji
293064289,응암리(영모재),eungamri(yeongmojae)
293064290,응암리(우리종묘),eungamri(urijongmyo)
293064286,응암리(영모재),eungamri(yeongmojae)
293064287,응암리(가마골),eungamri(gamagol)
293064284,송용리,songyongri
293064304,갈산1리,galsan1ri
293064315,새롬고등학교(새뜸마을7단지),saeromgodeunghakgyo(saetteummaeul7danji)
293064317,다방1리마을회관,dabang1rimaeulhoegwan
293064318,쌍류초등학교,ssangryuchodeunghakgyo
293064319,쌍류초등학교,ssangryuchodeunghakgyo
293064320,신흥리(사사),sinheungri(sasa)
293064321,쌍류리(월정마을),ssangryuri(woljeongmaeul)
293064322,쌍류리(월정마을),ssangryuri(woljeongmaeul)
293064323,용암리(금단마을),yongamri(geumdanmaeul)
293064324,고복저수지,gobokjeosuji
293064325,고복저수지,gobokjeosuji
293064327,용암2리,yongam2ri
293064328,용암2리,yongam2ri
293064329,세종첨단산업단지,sejongcheomdansaneopdanji
293064330,대교에이스,daegyoeiseu
293064356,국민건강보험공단,gukmingeongangboheomgongdan
271010111,서평1리,seopyeong1ri
293064331,행정리,haengjeongri
293064264,다정동커뮤니티센터,dajeongdongkeomyunitisenteo
293064370,"가온마을4,7단지","gaonmaeul4,7danji"
293064383,수루배마을1단지,surubaemaeul1danji
293064380,"반곡초,중학교","bangokcho,junghakgyo"
293064363,소담고등학교(새샘마을1단지),sodamgodeunghakgyo(saesaemmaeul1danji)
293064362,소담고등학교(새샘마을5단지),sodamgodeunghakgyo(saesaemmaeul5danji)
293064364,새샘마을6단지,saesaemmaeul6danji
293064365,새샘마을6단지,saesaemmaeul6danji
293064382,수루배마을1단지,surubaemaeul1danji
293064378,"수루배마을8,9단지","surubaemaeul8,9danji"
293064379,"수루배마을8,9단지","surubaemaeul8,9danji"
293064310,"새뜸마을1,2단지","saetteummaeul1,2danji"
293064263,다정동커뮤니티센터,dajeongdongkeomyunitisenteo
293064307,"가온마을6,9단지","gaonmaeul6,9danji"
293064355,국민건강보험공단,gukmingeongangboheomgongdan
293064367,다정중학교(가온마을4단지),dajeongjunghakgyo(gaonmaeul4danji)
293064368,새뜸마을14단지,saetteummaeul14danji
293064369,새뜸마을14단지,saetteummaeul14danji
293064372,다정고등학교(가온마을1단지),dajeonggodeunghakgyo(gaonmaeul1danji)
293064373,다정고등학교(가온마을1단지),dajeonggodeunghakgyo(gaonmaeul1danji)
293064376,한결초등학교,hangyeolchodeunghakgyo
293064377,한결초등학교,hangyeolchodeunghakgyo
293064384,문화체육관광부,munhwacheyukgwangwangbu
293064387,소정리,sojeongri
293064388,"새뜸마을1,2단지","saetteummaeul1,2danji"
293064308,"새뜸마을5,6단지","saetteummaeul5,6danji"
293064309,"새뜸마을5,6단지","saetteummaeul5,6danji"
293064311,"새뜸마을1,2단지","saetteummaeul1,2danji"
293064312,"가득초등학교(새뜸마을3,4단지)","gadeukchodeunghakgyo(saetteummaeul3,4danji)"
293064313,"가득초등학교(새뜸마을3,4단지)","gadeukchodeunghakgyo(saetteummaeul3,4danji)"
293064338,신정1리,sinjeong1ri
293064339,신정2리,sinjeong2ri
293064340,종성골,jongseonggol
293064342,전의산업단지,jeonuisaneopdanji
293064385,산학리(주니어전문스쿨),sanhakri(junieojeonmunseukul)
293064386,산학리(주니어전문스쿨),sanhakri(junieojeonmunseukul)
293064389,"새뜸마을1,2단지","saetteummaeul1,2danji"
293064374,"가온마을2,3단지","gaonmaeul2,3danji"
293064252,대평동,daepyeongdong
293064392,"한뜰마을1,2단지","hantteulmaeul1,2danji"
293064360,새뜸마을4단지(가온마을1단지),saetteummaeul4danji(gaonmaeul1danji)
293064390,"새뜸마을3,4단지","saetteummaeul3,4danji"
293064391,"새뜸마을3,4단지","saetteummaeul3,4danji"
293064221,세종고속시외버스터미널(지하),sejonggosoksioebeoseuteomineol(jiha)
293064272,장재1리,jangjae1ri
293064162,금천2리마을회관,geumcheon2rimaeulhoegwan
293064273,연기2리마을회관,yeongi2rimaeulhoegwan
293064274,번암리,beonamri
293064336,송정리,songjeongri
293064348,세종예술고등학교,sejongyesulgodeunghakgyo
293064349,나릿재마을,naritjaemaeul
293064350,나릿재마을,naritjaemaeul
274000059,서평교,seopyeonggyo
293064421,수루배마을6단지,surubaemaeul6danji
293064419,집현동,jiphyeondong
293064422,수루배마을6단지,surubaemaeul6danji
293064418,집현동,jiphyeondong
293064417,산학연클러스터,sanhagyeonkeulleoseuteo
293064416,산학연클러스터,sanhagyeonkeulleoseuteo
293064431,수루배마을4단지,surubaemaeul4danji
293064432,수루배마을4단지,surubaemaeul4danji
293064411,쌍류리(수디산),ssangryuri(sudisan)
293064445,세종충남대학교병원,sejongchungnamdaehakgyobyeongwon
293064435,한국산업인력공단(세종지사),hanguksaneobinryeokgongdan(sejongjisa)
293064436,한국산업인력공단(세종지사),hanguksaneobinryeokgongdan(sejongjisa)
293064430,"새뜸마을7,10단지","saetteummaeul7,10danji"
293064412,고운동(만남로),goundong(mannamro)
293064413,고운동(만남로),goundong(mannamro)
293064424,세종누리학교,sejongnurihakgyo
293064425,세종누리학교,sejongnurihakgyo
293064427,주택성능연구개발센터,jutaekseongneungyeongugaebalsenteo
293064428,장기중학교후문,janggijunghakgyohumun
293064429,장기중학교후문,janggijunghakgyohumun
293064523,"나릿재마을 4,6단지","naritjaemaeul 4,6danji"
293900005,세종예술의전당,sejongyesuruijeondang
293064420,누리동,nuridong
293064478,산학연클러스터,sanhagyeonkeulleoseuteo
293064477,산학연클러스터,sanhagyeonkeulleoseuteo
293064459,해밀마을1단지,haemilmaeul1danji
293064458,해밀마을1단지,haemilmaeul1danji
293064460,원수산MTB공원,wonsusanMTBgongwon
286071104,흥화하브아파트,heunghwahabeuapateu
293064526,"새나루마을9,10단지","saenarumaeul9,10danji"
293900015,새나루마을10단지,saenarumaeul10danji
293064505,조치원 농협,jochiwon nonghyeop
293064507,신흥푸르지오,sinheungpureujio
293900004,번암안동네,beonamandongne
293900019,한국개발연구원(KDI),hangukgaebaryeonguwon(KDI)
293900021,등곡리(쌍용양회),deunggokri(ssangyongyanghoe)
293000255,응암3리,eungam3ri
293064506,신흥푸르지오,sinheungpureujio
293064504,조치원 농협,jochiwon nonghyeop
293064503,신흥3리,sinheung3ri
293064498,다솜동,dasomdong
293064499,다솜동,dasomdong
293064500,누리동,nuridong
293064501,누리동,nuridong
293064443,대전공원묘원,daejeongongwonmyowon
293900006,세종예술의전당,sejongyesuruijeondang
293900007,양지고등학교,yangjigodeunghakgyo
293900008,양지고등학교,yangjigodeunghakgyo
293900022,문곡리(호계마을),mungokri(hogyemaeul)
293900023,문곡리(호계마을),mungokri(hogyemaeul)
293064490,수산리교차로,susanrigyocharo
293000256,평기교,pyeonggigyo
293000257,평기교,pyeonggigyo
293064470,응암3리마을입구,eungam3rimaeuripgu
293064525,"새나루마을9,10단지","saenarumaeul9,10danji"
293900014,세종연구단지,sejongyeongudanji
293064511,반곡고등학교,bangokgodeunghakgyo
293900020,등곡리(쌍용양회),deunggokri(ssangyongyanghoe)
293064492,다솜동,dasomdong
293064448,세종충남대학교병원(후문),sejongchungnamdaehakgyobyeongwon(humun)
293900011,전통문화체험관,jeontongmunhwacheheomgwan
293064472,가락마을8단지.가재마을4단지,garakmaeul8danji.gajaemaeul4danji
293064476,아름제2중(가락마을20단지),areumje2jung(garakmaeul20danji)
293064508,월하리(패션아울렛),wolhari(paesyeonaullet)
293900016,새나루마을10단지,saenarumaeul10danji
293064516,"새샘마을7,8단지","saesaemmaeul7,8danji"
293064519,"새나루마을4,9단지","saenarumaeul4,9danji"
293064521,"새나루마을2,8단지","saenarumaeul2,8danji"
293064513,한국농어촌공사,hanguknongeochongongsa
293900013,세종연구단지,sejongyeongudanji
293900017,새나루마을1단지(후문),saenarumaeul1danji(humun)
293900018,새나루마을1단지(후문),saenarumaeul1danji(humun)
293064462,부강2리,bugang2ri
293064465,부강2리,bugang2ri
293064463,부강초등학교,bugangchodeunghakgyo
293064147,세종시보건소(대동초),sejongsibogeonso(daedongcho)
293064515,"새샘마을7,8단지","saesaemmaeul7,8danji"
293064474,종촌초등학교(가재마을3단지),jongchonchodeunghakgyo(gajaemaeul3danji)
293064456,국립세종수목원(연구동),gukripsejongsumogwon(yeongudong)
293064485,해밀고등학교,haemilgodeunghakgyo
293064486,"나성중학교,나성초등학교","naseongjunghakgyo,naseongchodeunghakgyo"
293064487,"나성중학교,나성초등학교","naseongjunghakgyo,naseongchodeunghakgyo"
293900009,세종소방서,sejongsobangseo
293064453,세종호수공원,sejonghosugongwon
293064454,세종중앙공원,sejongjunganggongwon
293064464,복지회관,bokjihoegwan
293064488,"나릿재마을1,2단지","naritjaemaeul1,2danji"
293064497,전의산업단지교차로,jeonuisaneopdanjigyocharo
293064517,동면농협예양지소,dongmyeonnonghyeobyeyangjiso
293064518,동면농협예양지소,dongmyeonnonghyeobyeyangjiso
293064524,"나릿재마을4,6단지","naritjaemaeul4,6danji"
293900012,전통문화체험관,jeontongmunhwacheheomgwan
293064489,"나릿재마을1,2단지","naritjaemaeul1,2danji"
293064484,해밀고등학교,haemilgodeunghakgyo
293019013,달전2리입구,daljeon2riipgu
293019029,신방1리(신암골),sinbang1ri(sinamgol)
293019059,전의중학교,jeonuijunghakgyo
293019061,관정1리,gwanjeong1ri
293016078,고복1리,gobok1ri
293011087,초정약수터,chojeongyaksuteo
293011096,달전리마을회관,daljeonrimaeulhoegwan
293012026,한화사원아파트,hanhwasawonapateu
293015021,양세오충각,yangseochunggak
293016109,대원아파트후문,daewonapateuhumun
293017004,송학2리(하나로마트),songhak2ri(hanaromateu)
293017015,하봉교차로,habonggyocharo
293011035,용담리(32사 방면),yongdamri(32sa bangmyeon)
293017030,금암리노인정,geumamrinoinjeong
293001041,세종여자고등학교입구,sejongyeojagodeunghakgyoipgu
293012033,부강삼거리,bugangsamgeori
293011042,감성리(32사 방면),gamseongri(32sa bangmyeon)
293011056,금천1리,geumcheon1ri
293013026,고등1리마을회관,godeung1rimaeulhoegwan
293001058,고려대학교,goryeodaehakgyo
293011016,영곡2리,yeonggok2ri
293011023,국곡리,gukgokri
293015075,응암3리입구,eungam3riipgu
293016028,신대2리(송적골),sindae2ri(songjeokgol)
293016051,와촌리(기와말),wachonri(giwamal)
293017060,동원주식회사,dongwonjusikhoesa
293018023,청람1리마을회관,cheongram1rimaeulhoegwan
293018028,송정리(행골),songjeongri(haenggol)
293018042,송곡2리(능골),songgok2ri(neunggol)
293018068,노장농공단지,nojangnonggongdanji
293018072,심중2리입구,simjung2riipgu
293018087,심중리시민스포츠센터,simjungrisiminseupocheusenteo
293064025,"가재마을9, 10단지","gajaemaeul9, 10danji"
293064031,종촌종합복지센터,jongchonjonghapbokjisenteo
293064118,"가락마을10,13단지","garakmaeul10,13danji"
293064084,세무서 출장민원실,semuseo chuljangminwonsil
186004130,금고2통,geumgo2tong
293057003,장재리(태련암입구),jangjaeri(taeryeonamipgu)
293011075,산학연클러스터,sanhagyeonkeulleoseuteo
293016050,고복저수지입구,gobokjeosujiipgu
293019010,다방2리마을회관,dabang2rimaeulhoegwan
293019063,원성리(죽근마을),wonseongri(jukgeunmaeul)
293001054,번암아파트후문,beonamapateuhumun
293062026,국무조정실(한뜰마을3단지),gukmujojeongsil(hantteulmaeul3danji)
293063002,가재마을5단지.가온마을6단지,gajaemaeul5danji.gaonmaeul6danji
293019079,전의산업단지,jeonuisaneopdanji
293011097,달전리마을회관,daljeonrimaeulhoegwan
293014021,연기면사무소,yeongimyeonsamuso
293014039,연기2리마을회관,yeongi2rimaeulhoegwan
293014048,보통1리마을회관,botong1rimaeulhoegwan
186004137,대동금탄동입구,daedonggeumtandongipgu
186004044,테크노밸리6단지,tekeunobaelli6danji
293058005,호탄리,hotanri
293064080,"시청,시의회,교육청,세무서","sicheong,siuihoe,gyoyukcheong,semuseo"
293051005,가람동(이마트앞),garamdong(imateuap)
293061007,범지기마을10단지,beomjigimaeul10danji
293011004,도남리마을회관,donamrimaeulhoegwan
293001096,조치원버스터미널,jochiwonbeoseuteomineol
186004141,노은농수산물시장,noeunnongsusanmulsijang
293064138,"가재마을5,8단지","gajaemaeul5,8danji"
186004618,반석네거리,banseoknegeori
286065011,장기산업단지(신관동 방면),janggisaneopdanji(singwandong bangmyeon)
285013004,병천3리,byeongcheon3ri
285013008,유관순열사유적지,yugwansunyeolsayujeokji
285016020,장산3리(송내),jangsan3ri(songnae)
286055002,법원/공주교도소(신관초방면),beobwon/gongjugyodoso(singwanchobangmyeon)
186004134,금고동매립장,geumgodongmaeripjang
286066011,주공1차아파트(법원방면),jugong1chaapateu(beobwonbangmyeon)
274002090,동평3리,dongpyeong3ri
293064095,"두루초,중학교","durucho,junghakgyo"
186004705,안산교,ansangyo
187000280,신탄진역,sintanjinyeok
293064285,응암1리마을회관,eungam1rimaeulhoegwan
293064250,봉암리,bongamri
293064276,노송2리,nosong2ri
293064283,송용리,songyongri
293064306,국립세종도서관정문,gukripsejongdoseogwanjeongmun
293064359,새롬중학교(새뜸마을1단지),saeromjunghakgyo(saetteummaeul1danji)
293064361,새뜸마을4단지(가온마을1단지),saetteummaeul4danji(gaonmaeul1danji)
293064337,청람리(동막골),cheongramri(dongmakgol)
293064332,행정리,haengjeongri
293064520,"새나루마을4,9단지","saenarumaeul4,9danji"
293064447,세종충남대학교병원(후문),sejongchungnamdaehakgyobyeongwon(humun)
293064426,주택성능연구개발센터,jutaekseongneungyeongugaebalsenteo
293900001,대전공원묘원,daejeongongwonmyowon
293064510,청미마을회관,cheongmimaeulhoegwan
293064473,"종촌초등학교(가락마을6, 7단지)","jongchonchodeunghakgyo(garakmaeul6, 7danji)"
293064451,국립세종수목원(연구동),gukripsejongsumogwon(yeongudong)
293064210,"시청,시의회,교육청,세무서","sicheong,siuihoe,gyoyukcheong,semuseo"
293012017,부강면,bugangmyeon
293019076,재동아파트,jaedongapateu
293011037,도암리입구,doamriipgu
293001064,세무서 출장민원실,semuseo chuljangminwonsil
293001006,봉산리(중뜸),bongsanri(jungtteum)
293016017,용암리(금단마을),yongamri(geumdanmaeul)
293018059,전동삼거리,jeondongsamgeori
293018082,심중1리,simjung1ri
293064032,"가재마을9, 10단지","gajaemaeul9, 10danji"
293019044,부거실(아랫마을),bugeosil(araetmaeul)
293064156,은하수공원,eunhasugongwon
293061005,"범지기마을6,11단지","beomjigimaeul6,11danji"
293016030,기룡리복지회관,giryongribokjihoegwan
293016069,고복1리마을회관,gobok1rimaeulhoegwan
293014015,해밀동,haemildong
293062011,정부세종청사북측,jeongbusejongcheongsabukcheuk
293001039,신안2리(안터),sinan2ri(anteo)
293019080,상대부(쌍태울),sangdaebu(ssangtaeul)
293064074,세종기숙학원,sejonggisukhagwon
293064051,세종충남대병원,sejongchungnamdaebyeongwon
293064145,다빛초등학교(가온마을3단지),dabitchodeunghakgyo(gaonmaeul3danji)
293019092,노곡리,nogokri
293064097,가락마을22단지,garakmaeul22danji
186004142,노은농수산물시장,noeunnongsusanmulsijang
285013009,유관순열사유적지,yugwansunyeolsayujeokji
270014001,산성시장,sanseongsijang
293064231,대평동(해들마을),daepyeongdong(haedeulmaeul)
293064512,반곡고등학교,bangokgodeunghakgyo
293012044,세종미래고등학교,sejongmiraegodeunghakgyo
293064466,"진웅엠피아,재진가로등","jinungempia,jaejingarodeung"
293064229,명학산업단지입구,myeonghaksaneopdanjiipgu
293012049,매포역(노호2리),maepoyeok(noho2ri)
293064042,눌왕리(새터말),nurwangri(saeteomal)
293064069,"종촌고(가재마을3,4단지)","jongchongo(gajaemaeul3,4danji)"
293064279,노송1리,nosong1ri
293064024,정부세종청사스포츠센터,jeongbusejongcheongsaseupocheusenteo
293064366,다정중학교(가온마을4단지),dajeongjunghakgyo(gaonmaeul4danji)
293064347,세종예술고등학교,sejongyesulgodeunghakgyo
293064414,연동면 복합커뮤니티센터,yeondongmyeon bokhapkeomyunitisenteo
293064461,원수산MTB공원,wonsusanMTBgongwon
293064471,아름제2중(가락마을20단지),areumje2jung(garakmaeul20danji)
293064452,"국립세종수목원,중앙공원","gukripsejongsumogwon,junganggongwon"
293064083,번암아파트후문,beonamapateuhumun
293064300,부강산업단지입구,bugangsaneopdanjiipgu
293064178,다정동(장기로),dajeongdong(janggiro)
293016035,조치원노인전문병원,jochiwonnoinjeonmunbyeongwon
293056004,도담동(도램마을),dodamdong(doraemmaeul)
293014002,수산리(방아다리),susanri(bangadari)
293064144,다빛초등학교(가재마을1단지),dabitchodeunghakgyo(gajaemaeul1danji)
293064158,"가락마을7,8단지","garakmaeul7,8danji"
293064061,"종촌고(가재마을3,4단지)","jongchongo(gajaemaeul3,4danji)"
293064491,수산리교차로,susanrigyocharo
186004452,국방과학연구소입구,gukbanggwahagyeongusoipgu
186005193,국방과학연구소,gukbanggwahagyeonguso
293001042,세종시문화예술회관,sejongsimunhwayesulhoegwan
293001019,세종시민체육관,sejongsimincheyukgwan
293001045,세종시문화예술회관,sejongsimunhwayesulhoegwan
293064353,대평동커뮤니티센터,daepyeongdongkeomyunitisenteo
293064150,대법원등기정보센터,daebeobwondeunggijeongbosenteo
293061003,아름동커뮤니티센터,areumdongkeomyunitisenteo
293064054,"범지기마을8,12단지","beomjigimaeul8,12danji"
293064052,세종충남대병원,sejongchungnamdaebyeongwon
293064109,"도램마을8,10단지","doraemmaeul8,10danji"
293062016,도램마을9단지,doraemmaeul9danji
293062027,공정거래위원회,gongjeonggeoraewiwonhoe
293064222,국립세종도서관,gukripsejongdoseogwan
293062005,정부세종청사남측,jeongbusejongcheongsanamcheuk
293062003,어진중학교(가재마을9단지),eojinjunghakgyo(gajaemaeul9danji)
293064262,"가온마을6,9단지","gaonmaeul6,9danji"
293064001,첫마을5단지,cheotmaeul5danji
293064008,한솔중학교(첫마을7단지),hansoljunghakgyo(cheotmaeul7danji)
293064011,첫마을3단지,cheotmaeul3danji
293055059,세종고속시외버스터미널,sejonggosoksioebeoseuteomineol
293011029,용포리,yongpori
293064514,한국농어촌공사,hanguknongeochongongsa
293064351,대평동커뮤니티센터,daepyeongdongkeomyunitisenteo
293064207,보람동(해들마을),boramdong(haedeulmaeul)
293064079,"시청,시의회,교육청,세무서","sicheong,siuihoe,gyoyukcheong,semuseo"
293064164,"세종우체국(남부서,보람초)","sejongucheguk(nambuseo,boramcho)"
293064215,소담동(새샘마을),sodamdong(saesaemmaeul)
293057002,한국조세재정연구원,hangukjosejaejeongyeonguwon
293064434,수루배마을3단지,surubaemaeul3danji
293064381,"반곡초,중학교","bangokcho,junghakgyo"
293011064,새나루마을1단지,saenarumaeul1danji
293064259,조치원버스터미널,jochiwonbeoseuteomineol
293064152,조치원전통시장북측,jochiwonjeontongsijangbukcheuk
293001084,조치원역,jochiwonyeok
293001087,세종우체국,sejongucheguk
293001086,세종중학교,sejongjunghakgyo
293064502,신흥3리,sinheung3ri
293001038,신흥주공아파트,sinheungjugongapateu
293001065,번암삼거리,beonamsamgeori
293064220,세종고속시외버스터미널(지하),sejonggosoksioebeoseuteomineol(jiha)
293064232,대평동(해들마을),daepyeongdong(haedeulmaeul)
293064209,보람동.대평동,boramdong.daepyeongdong
293058004,신촌리,sinchonri
293058007,"장영실고등학교,호탄리(안터)","jangyeongsilgodeunghakgyo,hotanri(anteo)"
293058008,"장영실고등학교,호탄리(안터)","jangyeongsilgodeunghakgyo,hotanri(anteo)"
293064166,"호려울마을8,9단지","horyeoulmaeul8,9danji"
293057006,장재리(길재고개),jangjaeri(giljaegogae)
293064077,국책연구단지북측,gukchaegyeongudanjibukcheuk
293064400,반곡동(수루배마을),bangokdong(surubaemaeul)
293064433,수루배마을3단지,surubaemaeul3danji
293064480,집현동,jiphyeondong
293064479,집현동,jiphyeondong
293011065,황용리(황용1교),hwangyongri(hwangyong1gyo)
293064522,"새나루마을2,8단지","saenarumaeul2,8danji"
293012013,금호3리,geumho3ri
293012001,금호2리노인회관,geumho2rinoinhoegwan
293012018,아시아제지기숙사,asiajejigisuksa
293012032,부강삼거리,bugangsamgeori
293064280,부강면생활체육관,bugangmyeonsaenghwalcheyukgwan
293012043,세종미래고등학교,sejongmiraegodeunghakgyo
293000254,응암3리,eungam3ri
293015050,명학산업단지,myeonghaksaneopdanji
293015049,명학산업단지,myeonghaksaneopdanji
293064467,"진웅엠피아,재진가로등","jinungempia,jaejingarodeung"
293064288,응암리(우리종묘),eungamri(urijongmyo)
293015052,응암1리마을회관,eungam1rimaeulhoegwan
293064225,삼성전기,samseongjeongi
293064358,새롬중학교(새뜸마을1단지),saeromjunghakgyo(saetteummaeul1danji)
293053009,한솔동,hansoldong
293064146,세종시보건소(대동초),sejongsibogeonso(daedongcho)
293064020,대평리원형교차로,daepyeongriwonhyeonggyocharo
293064226,삼성전기,samseongjeongi
293019005,유천리,yucheonri
293019012,달전2리입구,daljeon2riipgu
293019015,달전2리입구,daljeon2riipgu
293019018,세종미래산업단지,sejongmiraesaneopdanji
293019033,대전카톨릭대입구,daejeonkatollikdaeipgu
293019055,신흥리(사사),sinheungri(sasa)
293016064,연서초등학교,yeonseochodeunghakgyo
293016077,고복1리,gobok1ri
293011083,황용사,hwangyongsa
293011091,부용1리,buyong1ri
293011101,망골,manggol
293015015,예양2리,yeyang2ri
293015029,내판3리,naepan3ri
293016095,연서면사무소,yeonseomyeonsamuso
293016096,국촌1리,gukchon1ri
293016126,월하리,wolhari
293017011,평기리마을회관,pyeonggirimaeulhoegwan
293013024,대곡리,daegokri
285013002,모드니에아파트,modeunieapateu
285013005,병천고등학교,byeongcheongodeunghakgyo
285013006,병천시장,byeongcheonsijang
285013007,병천시장,byeongcheonsijang
285013010,병천고등학교,byeongcheongodeunghakgyo
285016001,백자2리,baekja2ri
285016002,백자2리,baekja2ri
285016003,백자3리,baekja3ri
285016005,백자4리,baekja4ri
285016006,백자4리,baekja4ri
285016007,상록리조트정문,sangrokrijoteujeongmun
285016008,상록리조트후문,sangrokrijoteuhumun
285016009,상록리조트후문,sangrokrijoteuhumun
285016010,수신초등학교,susinchodeunghakgyo
285016011,수신면사무소,susinmyeonsamuso
285016012,속샘말삼거리,soksaemmalsamgeori
285016015,송내리,songnaeri
285016017,수신초등학교,susinchodeunghakgyo
285016018,상록리조트정문,sangrokrijoteujeongmun
285016019,장산3리(송내),jangsan3ri(songnae)
285016021,장산4리,jangsan4ri
285016022,장산4리(상리),jangsan4ri(sangri)
285016024,해정리,haejeongri
286070004,옥룡동 주민센터(산성시장),okryongdong juminsenteo(sanseongsijang)
286065010,송선수영장(신관동방면),songseonsuyeongjang(singwandongbangmyeon)
286056002,동현리(공주신관 방면),donghyeonri(gongjusingwan bangmyeon)
293001029,구렁말,gureongmal
293001093,효성세종병원,hyoseongsejongbyeongwon
293014007,눌왕2리마을회관,nurwang2rimaeulhoegwan
293001089,번암리,beonamri
293064012,봉안리(다름고개),bonganri(dareumgogae)
293011019,성덕2리,seongdeok2ri
293001034,신안2리(안터),sinan2ri(anteo)
286065001,송선2통(신관동 방면),songseon2tong(singwandong bangmyeon)
286055001,금흥교(법원),geumheunggyo(beobwon)
286055005,공주정보고(신관동 방면),gongjujeongbogo(singwandong bangmyeon)
286055006,금흥동,geumheungdong
286055008,신관초등학교,singwanchodeunghakgyo
286055010,우남퍼스트빌(신관초방면),unampeoseuteubil(singwanchobangmyeon)
286055011,우남퍼스트빌(정보고방면),unampeoseuteubil(jeongbogobangmyeon)
286055012,주공2차아파트(터미널방면),jugong2chaapateu(teomineolbangmyeon)
286055013,주공2차아파트(법원방면),jugong2chaapateu(beobwonbangmyeon)
285016026,해정2리,haejeong2ri
286065002,공주정명학교(신관동방면),gongjujeongmyeonghakgyo(singwandongbangmyeon)
286065003,공주정명학교(장군면방면),gongjujeongmyeonghakgyo(janggunmyeonbangmyeon)
286065005,송선1통(신관동 방면),songseon1tong(singwandong bangmyeon)
286065006,송선수영장(장군면방면),songseonsuyeongjang(janggunmyeonbangmyeon)
286066002,관골,gwangol
286066003,시목동(옥룡동 방면),simokdong(okryongdong bangmyeon)
